{
    "value": 28.0,
    "min_found": 30.0,
    "max_found": 50.0,
    "fit_points": 3,
    "total_points_detected": 6,
    "r2_score": 0.9957049755037486,
    "needle_tip": [
        446,
        335
    ],
    "slope": 0.23962511182435586,
    "debug_cleaned_data": [
        [
            30.0,
            209.19021952520467
        ],
        [
            40.0,
            246.01593294284072
        ],
        [
            50.0,
            292.2954473473701
        ]
    ],
    "unit": ""
}