{
    "value": 1405.7577154504365,
    "min_found": 1000.0,
    "max_found": 2500.0,
    "fit_points": 4,
    "total_points_detected": 6,
    "r2_score": 0.9976796477785133,
    "needle_tip": [
        1013.0,
        230.0
    ],
    "slope": 11.096992889942229,
    "debug_cleaned_data": [
        [
            1000.0,
            53.57903957442528
        ],
        [
            1500.0,
            93.99209104420345
        ],
        [
            2000.0,
            145.44248172985783
        ],
        [
            2500.0,
            186.27125217293545
        ]
    ],
    "unit": ""
}