{
    "value": 106.19015866038598,
    "min_found": 0.6,
    "max_found": 200.0,
    "fit_points": 4,
    "total_points_detected": 6,
    "r2_score": 0.9952039728280124,
    "needle_tip": [
        670,
        337
    ],
    "slope": 0.8888957461851447,
    "debug_cleaned_data": [
        [
            0.6,
            324.79584457078994
        ],
        [
            30.0,
            375.6485288540613
        ],
        [
            150.0,
            498.9102041924233
        ],
        [
            200.0,
            555.6066633129742
        ]
    ],
    "unit": "psi"
}