{
    "value": 3290.0,
    "min_found": 100.0,
    "max_found": 3000.0,
    "fit_points": 3,
    "total_points_detected": 7,
    "r2_score": 0.9790343681512415,
    "needle_tip": [
        1981,
        1328
    ],
    "slope": 24.104037453128768,
    "debug_cleaned_data": [
        [
            100.0,
            219.01271868572934
        ],
        [
            2500.0,
            304.82598867767416
        ],
        [
            3000.0,
            343.3222284418863
        ]
    ],
    "unit": ""
}