{
    "value": 1400.3595222969525,
    "min_found": 500.0,
    "max_found": 2500.0,
    "fit_points": 4,
    "total_points_detected": 6,
    "r2_score": 0.9983041611051987,
    "needle_tip": [
        1008.0,
        256.5
    ],
    "slope": 11.297552622394628,
    "debug_cleaned_data": [
        [
            500.0,
            3.84637488191834
        ],
        [
            1000.0,
            54.912590240490644
        ],
        [
            2000.0,
            136.2986351024927
        ],
        [
            2500.0,
            184.06495040318208
        ]
    ],
    "unit": ""
}