{
    "value": 1455.3936489375806,
    "min_found": 1000.0,
    "max_found": 2500.0,
    "fit_points": 4,
    "total_points_detected": 6,
    "r2_score": 0.9993060751637252,
    "needle_tip": [
        295,
        79
    ],
    "slope": 9.9098964454654,
    "debug_cleaned_data": [
        [
            1000.0,
            41.20442768765571
        ],
        [
            1500.0,
            87.70931381251204
        ],
        [
            2000.0,
            140.1797170356139
        ],
        [
            2500.0,
            191.77963426896054
        ]
    ],
    "unit": ""
}