{
    "value": 2700.0,
    "min_found": 500.0,
    "max_found": 2500.0,
    "fit_points": 4,
    "total_points_detected": 6,
    "r2_score": 0.9956000213265975,
    "needle_tip": [
        362,
        324
    ],
    "slope": 10.989729161098508,
    "debug_cleaned_data": [
        [
            500.0,
            81.92546037699763
        ],
        [
            1000.0,
            137.5206097649677
        ],
        [
            2000.0,
            216.1920441865989
        ],
        [
            2500.0,
            269.0739464463746
        ]
    ],
    "unit": ""
}