{
    "value": 3485.8254566160304,
    "min_found": 1000.0,
    "max_found": 5000.0,
    "fit_points": 6,
    "total_points_detected": 7,
    "r2_score": 0.9927473112414131,
    "needle_tip": [
        313,
        372
    ],
    "slope": 12.421112058192218,
    "debug_cleaned_data": [
        [
            1000.0,
            124.46851246167738
        ],
        [
            1500.0,
            173.1677316035416
        ],
        [
            2000.0,
            226.1696205909747
        ],
        [
            2500.0,
            264.9757589574873
        ],
        [
            3000.0,
            305.0070991189462
        ],
        [
            5000.0,
            447.8774615438961
        ]
    ],
    "unit": ""
}