{
    "value": 3790.8380337741905,
    "min_found": 1500.0,
    "max_found": 5500.0,
    "fit_points": 5,
    "total_points_detected": 6,
    "r2_score": 0.9734743733226197,
    "needle_tip": [
        1981.9499999999998,
        1328.3999999999999
    ],
    "slope": 15.03510458683636,
    "debug_cleaned_data": [
        [
            1500.0,
            94.49746809863343
        ],
        [
            2000.0,
            133.1435804566231
        ],
        [
            2500.0,
            186.2921025767286
        ],
        [
            3000.0,
            230.26636942481704
        ],
        [
            5500.0,
            358.33057531293366
        ]
    ],
    "unit": ""
}