{
    "value": 16.154163365014764,
    "min_found": 0.0,
    "max_found": 100.0,
    "fit_points": 5,
    "total_points_detected": 6,
    "r2_score": 0.9848532726532235,
    "needle_tip": [
        404,
        602
    ],
    "slope": 0.2437195624189236,
    "debug_cleaned_data": [
        [
            0.0,
            70.93510211309709
        ],
        [
            20.0,
            173.33832469439153
        ],
        [
            40.0,
            271.9321727467819
        ],
        [
            50.0,
            312.95696063557773
        ],
        [
            100.0,
            479.0585988646104
        ]
    ],
    "unit": "psig"
}