{
    "value": 3300.0,
    "min_found": 0.0,
    "max_found": 3000.0,
    "fit_points": 6,
    "total_points_detected": 7,
    "r2_score": 0.9963258227762767,
    "needle_tip": [
        463,
        605
    ],
    "slope": 10.934021590786546,
    "debug_cleaned_data": [
        [
            0.0,
            41.752278908441625
        ],
        [
            500.0,
            86.4507289230519
        ],
        [
            1500.0,
            179.59873408150813
        ],
        [
            2000.0,
            233.43675976983127
        ],
        [
            2500.0,
            277.2139279386782
        ],
        [
            3000.0,
            306.79443364151945
        ]
    ],
    "unit": "PSI"
}