{
    "value": 12.993646934815288,
    "min_found": 10.0,
    "max_found": 40.0,
    "fit_points": 4,
    "total_points_detected": 6,
    "r2_score": 0.9976736502462643,
    "needle_tip": [
        192.84374999999997,
        598.5546875
    ],
    "slope": 0.21613242729081944,
    "debug_cleaned_data": [
        [
            10.0,
            358.314314559594
        ],
        [
            20.0,
            397.8612381473733
        ],
        [
            30.0,
            447.69271161562125
        ],
        [
            40.0,
            495.5714718558854
        ]
    ],
    "unit": ""
}