{
    "value": 10.535614560509188,
    "min_found": 0.0,
    "max_found": 30.0,
    "fit_points": 2,
    "total_points_detected": 5,
    "r2_score": 1.0,
    "needle_tip": [
        887,
        646
    ],
    "slope": -0.5140633745175023,
    "debug_cleaned_data": [
        [
            0.0,
            173.72637442104565
        ],
        [
            30.0,
            115.36781108601352
        ]
    ],
    "unit": "bar"
}