{
    "value": 1379.6043447183756,
    "min_found": 1000.0,
    "max_found": 3000.0,
    "fit_points": 3,
    "total_points_detected": 6,
    "r2_score": 0.9971522272531324,
    "needle_tip": [
        336,
        152
    ],
    "slope": 11.162401092592264,
    "debug_cleaned_data": [
        [
            1000.0,
            144.40054899814248
        ],
        [
            2000.0,
            225.46320311118677
        ],
        [
            3000.0,
            323.06322542084774
        ]
    ],
    "unit": ""
}