{
    "value": 38.0,
    "min_found": 40.0,
    "max_found": 60.0,
    "fit_points": 3,
    "total_points_detected": 6,
    "r2_score": 0.9982845977477944,
    "needle_tip": [
        402.25,
        617.6750000000001
    ],
    "slope": 0.23586670143110197,
    "debug_cleaned_data": [
        [
            40.0,
            257.4038902149459
        ],
        [
            50.0,
            302.7668050608418
        ],
        [
            60.0,
            342.052091227703
        ]
    ],
    "unit": "psig"
}