{
    "value": 116.47793374543656,
    "min_found": 50.0,
    "max_found": 200.0,
    "fit_points": 4,
    "total_points_detected": 5,
    "r2_score": 0.998484170868511,
    "needle_tip": [
        1975.0,
        576.5625
    ],
    "slope": 0.963950975146846,
    "debug_cleaned_data": [
        [
            50.0,
            188.3541610132242
        ],
        [
            100.0,
            245.92648587280058
        ],
        [
            150.0,
            295.20283629983646
        ],
        [
            200.0,
            344.56615070824625
        ]
    ],
    "unit": "psi"
}