{
    "value": 10999.0,
    "min_found": 10.0,
    "max_found": 10000.0,
    "fit_points": 2,
    "total_points_detected": 4,
    "r2_score": 1.0,
    "needle_tip": [
        1962,
        576
    ],
    "slope": 159.08839743923934,
    "debug_cleaned_data": [
        [
            10.0,
            3.340079733183034
        ],
        [
            10000.0,
            66.13535682946204
        ]
    ],
    "unit": "bar"
}