{
    "value": 13.065057216629505,
    "min_found": 10.0,
    "max_found": 40.0,
    "fit_points": 4,
    "total_points_detected": 6,
    "r2_score": 0.9940190519463965,
    "needle_tip": [
        2787.5,
        1570.3125
    ],
    "slope": 0.22286491906546066,
    "debug_cleaned_data": [
        [
            10.0,
            168.42339681535063
        ],
        [
            20.0,
            219.8382606532207
        ],
        [
            30.0,
            265.7343043414874
        ],
        [
            40.0,
            301.7975912325481
        ]
    ],
    "unit": ""
}