{
    "value": 18.0,
    "min_found": 20.0,
    "max_found": 40.0,
    "fit_points": 3,
    "total_points_detected": 7,
    "r2_score": 0.9991420890094413,
    "needle_tip": [
        208,
        596
    ],
    "slope": 0.2056502216757998,
    "debug_cleaned_data": [
        [
            20.0,
            37.074582073051594
        ],
        [
            30.0,
            83.19327213913128
        ],
        [
            40.0,
            134.2436569096985
        ]
    ],
    "unit": "PSI"
}