{
    "value": 1150.0,
    "min_found": 1500.0,
    "max_found": 5000.0,
    "fit_points": 5,
    "total_points_detected": 6,
    "r2_score": 0.9930741255882566,
    "needle_tip": [
        263.5203125,
        194.03125
    ],
    "slope": 13.050901006646818,
    "debug_cleaned_data": [
        [
            1500.0,
            93.16577986629656
        ],
        [
            2000.0,
            138.89386993048942
        ],
        [
            2500.0,
            182.47435539134403
        ],
        [
            3000.0,
            228.71153409535978
        ],
        [
            5000.0,
            362.13863063608375
        ]
    ],
    "unit": "psi"
}