{
    "value": 1150.0,
    "min_found": 1500.0,
    "max_found": 5000.0,
    "fit_points": 5,
    "total_points_detected": 6,
    "r2_score": 0.9932074130121636,
    "needle_tip": [
        191,
        140
    ],
    "slope": 13.068461685860406,
    "debug_cleaned_data": [
        [
            1500.0,
            91.89699475294968
        ],
        [
            2000.0,
            137.74535566516613
        ],
        [
            2500.0,
            181.13634595126345
        ],
        [
            3000.0,
            227.09533138437985
        ],
        [
            5000.0,
            360.63028685776885
        ]
    ],
    "unit": "psi"
}