{
    "value": 115.14395381473017,
    "min_found": 50.0,
    "max_found": 200.0,
    "fit_points": 4,
    "total_points_detected": 5,
    "r2_score": 0.9992742029696315,
    "needle_tip": [
        675.3874999999999,
        341.96875
    ],
    "slope": 0.9715734213478476,
    "debug_cleaned_data": [
        [
            50.0,
            15.695397567974494
        ],
        [
            100.0,
            71.12672718126221
        ],
        [
            150.0,
            120.71220435624859
        ],
        [
            200.0,
            170.5854483718359
        ]
    ],
    "unit": "psig"
}