{
    "value": 54.23527313393785,
    "min_found": 0.0,
    "max_found": 50.0,
    "fit_points": 5,
    "total_points_detected": 7,
    "r2_score": 0.9940348704176402,
    "needle_tip": [
        3506,
        1678
    ],
    "slope": 0.23027204725992703,
    "debug_cleaned_data": [
        [
            0.0,
            134.72038701237454
        ],
        [
            20.0,
            206.5856152633969
        ],
        [
            30.0,
            253.97354760425196
        ],
        [
            40.0,
            299.32031590926
        ],
        [
            50.0,
            350.63210712154404
        ]
    ],
    "unit": ""
}