{
    "value": 1455.737398067503,
    "min_found": 1000.0,
    "max_found": 2500.0,
    "fit_points": 4,
    "total_points_detected": 6,
    "r2_score": 0.9993316659016346,
    "needle_tip": [
        264.578125,
        69.9890625
    ],
    "slope": 9.927395601750458,
    "debug_cleaned_data": [
        [
            1000.0,
            219.1946980499858
        ],
        [
            1500.0,
            265.68724987175574
        ],
        [
            2000.0,
            318.0483978335094
        ],
        [
            2500.0,
            369.51436828792384
        ]
    ],
    "unit": ""
}