{
    "value": 1650.0,
    "min_found": 0.0,
    "max_found": 1500.0,
    "fit_points": 3,
    "total_points_detected": 6,
    "r2_score": 0.608003838312021,
    "needle_tip": [
        1047,
        480
    ],
    "slope": -9.650380588224097,
    "debug_cleaned_data": [
        [
            0.0,
            213.2198206614865
        ],
        [
            10.0,
            299.9191316387093
        ],
        [
            1500.0,
            161.94174309252134
        ]
    ],
    "unit": ""
}